Term,Freq,Total,Category,logprob,loglift
code,129.0,129.0,Default,30.0,30.0
network,406.0,406.0,Default,29.0,29.0
galaxy,87.0,87.0,Default,28.0,28.0
learn,279.0,279.0,Default,27.0,27.0
star,86.0,86.0,Default,26.0,26.0
program,84.0,84.0,Default,25.0,25.0
language,102.0,102.0,Default,24.0,24.0
logic,61.0,61.0,Default,23.0,23.0
neural,172.0,172.0,Default,22.0,22.0
image,193.0,193.0,Default,21.0,21.0
epidemic,41.0,41.0,Default,20.0,20.0
spin,131.0,131.0,Default,19.0,19.0
prove,192.0,192.0,Default,18.0,18.0
mathbb,101.0,101.0,Default,17.0,17.0
disease,45.0,45.0,Default,16.0,16.0
equation,202.0,202.0,Default,15.0,15.0
training,130.0,130.0,Default,14.0,14.0
magnetic,123.0,123.0,Default,13.0,13.0
deep,158.0,158.0,Default,12.0,12.0
temperature,123.0,123.0,Default,11.0,11.0
task,171.0,171.0,Default,10.0,10.0
phase,167.0,167.0,Default,9.0,9.0
planet,55.0,55.0,Default,8.0,8.0
group,193.0,193.0,Default,7.0,7.0
energy,178.0,178.0,Default,6.0,6.0
mass,79.0,79.0,Default,5.0,5.0
train,113.0,113.0,Default,4.0,4.0
mathcal,94.0,94.0,Default,3.0,3.0
estimator,103.0,103.0,Default,2.0,2.0
formula,78.0,78.0,Default,1.0,1.0
estimator,100.43414985675334,103.41166770382954,Topic1,-5.4846,1.5817
regret,23.01705699035818,24.417431012212962,Topic1,-6.9579,1.5519
minimax,17.596303213148197,19.057591890981552,Topic1,-7.2264,1.5311
quantile,13.779896722402292,14.992973110468215,Topic1,-7.4709,1.5265
posterior,41.0043365544164,44.856448570174564,Topic1,-6.3804,1.5211
lasso,14.13200049956629,15.741266289263937,Topic1,-7.4457,1.5031
sgd,10.346495812184873,11.559817863233643,Topic1,-7.7575,1.5
nonparametric,19.007754885638143,21.276484143190793,Topic1,-7.1493,1.4982
covariate,18.139747811003087,20.50420198576798,Topic1,-7.196,1.4884
sampler,9.142012610105263,10.354747560853024,Topic1,-7.8812,1.4864
mcmc,9.705451928846507,11.071941239610826,Topic1,-7.8214,1.4792
bootstrap,17.2720787615736,19.76742238424332,Topic1,-7.245,1.476
submodular,8.457845485920718,9.787821206878265,Topic1,-7.959,1.4649
bandit,16.109120342580745,18.65853399351176,Topic1,-7.3147,1.464
primal,10.882477682285383,12.608762365942846,Topic1,-7.707,1.4637
variance,44.62054138468516,52.627727063175485,Topic1,-6.2959,1.4459
covariance,36.89954111134784,43.66753142839431,Topic1,-6.4859,1.4425
nmf,6.935369110248448,8.278004263998945,Topic1,-8.1575,1.4339
discount,6.159802144060577,7.375035627045225,Topic1,-8.2761,1.4309
copula,6.2792722296791315,7.574819426461016,Topic1,-8.2569,1.4233
nonconvex,5.7913290394060155,7.004066195841415,Topic1,-8.3378,1.4208
subproblem,5.785042857153151,6.997823852077953,Topic1,-8.3388,1.4206
relu,5.727971711095181,6.940733082765519,Topic1,-8.3488,1.4189
descent,32.696838059626096,40.04634857905434,Topic1,-6.6068,1.4082
svrg,5.371087023672904,6.583811298170878,Topic1,-8.4131,1.4073
relay,9.73293536759192,11.941350305583992,Topic1,-7.8186,1.4064
likelihood,48.801347342265544,60.24826092266912,Topic1,-6.2064,1.4002
optimality,19.44544970883284,24.01914105896879,Topic1,-7.1265,1.3997
greedy,14.870058117746058,18.368823680885388,Topic1,-7.3948,1.3996
censor,5.568822932948875,6.882333808330681,Topic1,-8.3769,1.3991
penalty,16.747482654045385,20.703383932685146,Topic1,-7.2759,1.3989
iteration,28.744184938487884,35.919080489463674,Topic1,-6.7357,1.3881
stochastic,84.8489784035775,111.51608580731919,Topic1,-5.6532,1.3376
regression,60.29457307119168,78.83613298173685,Topic1,-5.9949,1.3428
convergence,71.43423810772273,94.73993269995493,Topic1,-5.8253,1.3286
estimation,76.32234669325764,103.554880054663,Topic1,-5.7592,1.3058
bayesian,44.87292757633472,59.545027812915876,Topic1,-6.2903,1.328
multivariate,23.881943227287902,30.93255246606786,Topic1,-6.921,1.3522
gaussian,44.582963604307196,60.85356841634192,Topic1,-6.2968,1.2998
optimization,89.61514855784077,128.9852789836846,Topic1,-5.5986,1.2467
sparse,44.30606418883944,60.88953471239709,Topic1,-6.303,1.293
optimal,87.02582658105496,132.38682001081588,Topic1,-5.6279,1.1914
inference,59.96203440148614,87.6727555287015,Topic1,-6.0004,1.231
convex,48.62575727072427,69.26408262905098,Topic1,-6.21,1.2571
guarantee,45.2142748307136,65.36081070732455,Topic1,-6.2827,1.2424
sample,116.49570383293238,198.96682465236285,Topic1,-5.3363,1.0756
distribution,123.79069576969219,215.91609648742968,Topic1,-5.2755,1.0546
algorithm,103.8163225950461,175.69093876799784,Topic1,-5.4515,1.0848
approximate,50.797300776587214,75.7012202827223,Topic1,-6.1663,1.212
problem,182.98048928182786,368.67094071652826,Topic1,-4.8847,0.9104
approximation,70.1962546519245,114.5644173450703,Topic1,-5.8428,1.1211
gradient,66.40513772244974,107.06802049386145,Topic1,-5.8983,1.1332
error,76.47814425738612,128.72795379754547,Topic1,-5.7571,1.0902
matrix,93.58173206160363,169.13372373227207,Topic1,-5.5553,1.0191
variable,72.90826951600525,125.20350248478826,Topic1,-5.8049,1.0702
method,171.87118753442707,417.30303880781,Topic1,-4.9474,0.7238
random,73.98452982075997,131.9621332441586,Topic1,-5.7903,1.0323
propose,128.72132348879543,328.9850864084331,Topic1,-5.2365,0.6726
probability,61.53957101010627,107.05059659592321,Topic1,-5.9744,1.0573
model,175.06260526386833,582.0901093021098,Topic1,-4.929,0.4094
estimate,80.58000553832173,165.67350386180752,Topic1,-5.7049,0.8901
rate,75.85308797781309,155.06124128229322,Topic1,-5.7653,0.8959
datum,123.7220790182532,378.52109401380716,Topic1,-5.2761,0.4927
function,107.30343109020679,301.1930254440905,Topic1,-5.4185,0.5788
parameter,86.50458648032384,204.4851341352309,Topic1,-5.6339,0.7506
approach,92.81918136195502,296.7214449441328,Topic1,-5.5635,0.4488
use,110.32871902744132,472.10802832096033,Topic1,-5.3907,0.1572
base,93.99639354641207,326.02565863128706,Topic1,-5.5509,0.3672
time,93.27565566825126,335.00122423665124,Topic1,-5.5586,0.3323
set,80.44279185727963,254.09376319373374,Topic1,-5.7066,0.4608
result,85.22579697163168,362.7529230659266,Topic1,-5.6488,0.1625
network,85.18507961453722,406.4553502183692,Topic1,-5.6493,0.0483
number,74.76496737398985,233.5734692604626,Topic1,-5.7798,0.4718
learn,75.31236700436044,279.71018240313083,Topic1,-5.7725,0.2988
paper,75.05016524061763,287.17025525152786,Topic1,-5.776,0.269
vehicle,43.74980495937254,46.84232915984134,Topic2,-6.2424,1.6158
developer,14.474374080737956,15.685834342835191,Topic2,-7.3485,1.6037
robot,72.34068481927228,78.61866688541801,Topic2,-5.7395,1.6009
country,14.649547933635802,15.963253685172473,Topic2,-7.3365,1.5982
city,16.320582070764274,17.983293220005784,Topic2,-7.2285,1.5871
tweet,10.813410543129448,12.024872394055778,Topic2,-7.6401,1.5779
transaction,10.420571968642692,11.632548314616335,Topic2,-7.6771,1.5741
company,13.50340058249911,15.089873887737415,Topic2,-7.418,1.573
market,35.82634730324891,40.13849652912911,Topic2,-6.4422,1.5705
service,35.821399071708505,40.176632265930934,Topic2,-6.4424,1.5694
road,14.662898220320626,16.471912330090646,Topic2,-7.3356,1.5678
app,9.738839960488724,10.950680246991967,Topic2,-7.7448,1.5668
cache,14.764151688700366,16.625411923494404,Topic2,-7.3287,1.5654
urban,14.369775055711168,16.230050082325445,Topic2,-7.3558,1.5624
opinion,15.594043237930151,17.74413301897903,Topic2,-7.274,1.555
social,66.808072648935,76.14994763369755,Topic2,-5.8191,1.5532
cyber,9.509868765313625,10.871062525266403,Topic2,-7.7686,1.5503
political,9.003896484067685,10.30096003867564,Topic2,-7.8233,1.5495
infrastructure,14.128023313969292,16.16744287358747,Topic2,-7.3728,1.5493
software,54.01684081376759,61.81794128728582,Topic2,-6.0316,1.5492
bug,8.32843894104703,9.539896197416178,Topic2,-7.9012,1.5483
client,8.073001532802891,9.284665169149843,Topic2,-7.9324,1.5443
citation,13.485378805747281,15.517614024380292,Topic2,-7.4193,1.5438
society,11.010156048785511,12.673255934407948,Topic2,-7.6221,1.5434
internet,18.090357243180204,20.83879485613983,Topic2,-7.1255,1.5427
customer,14.854271185387873,17.13555107398205,Topic2,-7.3226,1.5413
ecosystem,8.583658278973257,9.903223092036397,Topic2,-7.8711,1.5411
security,32.5527704601059,37.6352162854492,Topic2,-6.538,1.539
consumer,9.332255256289658,10.805609480328604,Topic2,-7.7874,1.5375
provider,8.63117510933982,9.998196979493752,Topic2,-7.8655,1.5371
navigation,14.016164041889207,16.23746230761367,Topic2,-7.3807,1.537
management,22.073554317224943,25.775620156680823,Topic2,-6.9265,1.5291
participant,15.08410613874494,17.5847360996078,Topic2,-7.3073,1.5307
user,103.49895313391961,127.07998946204812,Topic2,-5.3814,1.4789
traffic,31.21435131596632,36.9536065786584,Topic2,-6.58,1.5153
web,28.734366284577654,34.63587296986216,Topic2,-6.6628,1.4973
industry,16.134212609890227,18.917454754986213,Topic2,-7.24,1.525
people,25.27114214569686,30.683791106505883,Topic2,-6.7912,1.49
mobile,28.27046216033047,35.16837261430084,Topic2,-6.6791,1.4658
plan,25.752043176350362,32.26927615310132,Topic2,-6.7724,1.4585
safety,18.67251201746966,22.465905926895346,Topic2,-7.0939,1.4992
autonomous,23.005330820504764,28.552024800163846,Topic2,-6.8852,1.4681
agent,63.11265860919365,91.620668293641,Topic2,-5.876,1.3114
planning,22.082791802101777,27.409545251172613,Topic2,-6.9261,1.468
price,28.328392982474274,36.89395642350168,Topic2,-6.677,1.4199
game,50.13081391755011,73.57850203707034,Topic2,-6.1063,1.3004
robotic,24.92668023560876,32.05519105681847,Topic2,-6.805,1.4326
human,56.936148650055586,91.52385655214857,Topic2,-5.979,1.2095
research,55.42480177662264,88.97106980692489,Topic2,-6.0059,1.2108
platform,30.64036094974594,42.25693971280473,Topic2,-6.5986,1.3627
environment,52.19662378708375,86.35160723000439,Topic2,-6.0659,1.1807
resource,35.25497626395126,51.558288562797436,Topic2,-6.4583,1.304
community,43.14352580788205,69.10653358470462,Topic2,-6.2564,1.213
controller,26.216038228617172,35.46648236616904,Topic2,-6.7545,1.3819
privacy,28.293741072694914,40.01939125108133,Topic2,-6.6783,1.3374
communication,39.77296850326895,67.57958667171259,Topic2,-6.3377,1.154
technology,29.818685854842744,44.81711951212814,Topic2,-6.6258,1.2767
sensor,35.50440135990644,59.74346215454666,Topic2,-6.4513,1.1637
network,110.59223416189177,406.4553502183692,Topic2,-5.3151,0.3825
control,61.00091190104407,151.67278473155113,Topic2,-5.91,0.7733
information,67.03762409253108,179.45056462086802,Topic2,-5.8157,0.6995
datum,99.27542697667641,378.52109401380716,Topic2,-5.423,0.3457
use,108.13957348897773,472.10802832096033,Topic2,-5.3375,0.2103
design,58.99946377315457,153.90463703071316,Topic2,-5.9434,0.7253
base,81.97659882350924,326.02565863128706,Topic2,-5.6145,0.3036
model,106.92653428216198,582.0901093021098,Topic2,-5.3488,-0.0104
paper,75.51450204563199,287.17025525152786,Topic2,-5.6966,0.3484
approach,70.68141783738146,296.7214449441328,Topic2,-5.7627,0.2495
time,71.87675542280252,335.00122423665124,Topic2,-5.746,0.1449
present,62.3846805209699,252.26178349369826,Topic2,-5.8876,0.287
analysis,56.97350262081167,206.26671162638053,Topic2,-5.9783,0.3975
propose,67.84195790117936,328.9850864084331,Topic2,-5.8037,0.1053
provide,60.288600511833955,241.6846233288548,Topic2,-5.9218,0.2956
application,54.18487082397977,193.28745183252758,Topic2,-6.0285,0.4123
different,53.197712644445545,202.90243630440798,Topic2,-6.0469,0.3454
process,51.5622672481465,200.2610435987669,Topic2,-6.0781,0.3273
performance,51.55477382645371,201.45989795448065,Topic2,-6.0783,0.3212
result,54.553043201768,362.7529230659266,Topic2,-6.0217,-0.2104
method,53.43466905986013,417.30303880781,Topic2,-6.0425,-0.3712
problem,52.2199388355143,368.67094071652826,Topic2,-6.0654,-0.2703
rnn,23.64760533671952,25.114190965828765,Topic3,-6.6457,1.8359
dnn,22.36540734299719,24.045454207378764,Topic3,-6.7015,1.8236
speech,42.79139684401287,46.23244435775997,Topic3,-6.0526,1.8187
convolutional,50.509067243719144,54.86547748973172,Topic3,-5.8868,1.8133
cnn,14.694938466115293,16.110392252445745,Topic3,-7.1215,1.8041
speaker,23.1552490228458,25.641944323736706,Topic3,-6.6668,1.7941
segmentation,34.53384345571536,38.350823836944016,Topic3,-6.267,1.7912
autoencoder,19.60644139122527,22.280635278355625,Topic3,-6.8331,1.7682
tumor,10.454739709949987,11.903790302280623,Topic3,-7.4619,1.7663
nmt,8.316935034177684,9.527458549525042,Topic3,-7.6907,1.7602
lstm,13.639939461258981,15.672254521408874,Topic3,-7.196,1.7572
resnet,9.437085187112855,10.862682466904765,Topic3,-7.5643,1.7554
cnns,7.67696860239979,8.88749834799189,Topic3,-7.7707,1.7496
phenotype,9.109403447184452,10.547920659694936,Topic3,-7.5997,1.7494
discriminative,13.84216658021012,16.16152001495827,Topic3,-7.1813,1.7411
utterance,7.128896601003217,8.341509521275729,Topic3,-7.8448,1.739
saliency,7.063633105388474,8.274165359432445,Topic3,-7.854,1.7379
supervision,10.221421386034708,12.102547323117406,Topic3,-7.4845,1.7271
mnist,13.060877798579638,15.468102217968376,Topic3,-7.2394,1.7269
rnns,6.347762049116979,7.558302795827337,Topic3,-7.9609,1.7215
lesion,6.888387930038061,8.21533748266692,Topic3,-7.8791,1.7199
adversarial,57.20374361781966,68.47032744311788,Topic3,-5.7624,1.7163
encoder,19.038455458870686,22.866344481674325,Topic3,-6.8625,1.7129
audio,17.564432827331952,21.245478684716222,Topic3,-6.9431,1.7058
facial,8.94614006896388,10.86415116869841,Topic3,-7.6178,1.7018
patient,28.552207147160743,34.83437180990088,Topic3,-6.4572,1.6972
cancer,15.585173685623738,19.047019603401107,Topic3,-7.0627,1.6955
spectrogram,5.4478095338771775,6.658346328158011,Topic3,-8.1138,1.6954
vae,5.730853051978001,7.055363391613609,Topic3,-8.0631,1.6881
distillation,5.228583373549242,6.439265037141041,Topic3,-8.1548,1.6878
train,91.26614841645666,113.07148963081119,Topic3,-5.2952,1.6818
recognition,38.40550429858625,47.450553403859,Topic3,-6.1608,1.6846
neural,137.96419843987408,172.95440607832248,Topic3,-4.882,1.67
recurrent,31.023801209985805,38.500188260932354,Topic3,-6.3742,1.6802
image,146.11238116913358,193.9984946578672,Topic3,-4.8246,1.6126
training,99.07198165922019,130.90243987630708,Topic3,-5.2131,1.6175
deep,117.68781816604937,158.1096059757405,Topic3,-5.0409,1.6008
scene,22.10209938864574,27.607571703113837,Topic3,-6.7133,1.6736
generative,40.27327534544304,52.86490450022497,Topic3,-6.1133,1.624
classifier,40.749476267765054,54.183549937562006,Topic3,-6.1015,1.6111
label,60.5646727224307,84.50839647801331,Topic3,-5.7053,1.5629
classification,78.25819014116014,118.36721621531827,Topic3,-5.449,1.4823
visual,39.61292339710871,55.185455367257084,Topic3,-6.1298,1.5645
dataset,91.45512294527057,146.97844131074285,Topic3,-5.2931,1.4216
task,102.16760430674468,171.1560700778064,Topic3,-5.1824,1.3801
supervise,23.335832990716828,30.46673535735279,Topic3,-6.659,1.6294
learn,153.44707315415022,279.71018240313083,Topic3,-4.7756,1.2957
architecture,57.01021787341364,88.90340629207329,Topic3,-5.7657,1.4517
network,198.10671698755877,406.4553502183692,Topic3,-4.5202,1.1774
feature,96.3193205400932,185.10441689350202,Topic3,-5.2413,1.2428
art,59.4988580152662,100.96848278404495,Topic3,-5.723,1.3672
learning,74.27219255125114,137.88775408372686,Topic3,-5.5012,1.2774
word,44.00866939322331,71.6053629301504,Topic3,-6.0246,1.4093
representation,67.52494164512373,141.60157046182957,Topic3,-5.5965,1.1555
model,159.44512940307675,582.0901093021098,Topic3,-4.7373,0.6011
method,123.53399683803688,417.30303880781,Topic3,-4.9925,0.6788
datum,111.63197516192568,378.52109401380716,Topic3,-5.0938,0.675
propose,100.29859473817442,328.9850864084331,Topic3,-5.2008,0.7082
object,56.280058323038,117.36961772953318,Topic3,-5.7786,1.1611
performance,72.56273665306216,201.45989795448065,Topic3,-5.5245,0.8749
use,105.61012876887183,472.10802832096033,Topic3,-5.1492,0.3986
approach,84.26865290971807,296.7214449441328,Topic3,-5.375,0.6373
base,79.49932496280363,326.02565863128706,Topic3,-5.4332,0.4848
accuracy,53.39450315445857,113.78879345461941,Topic3,-5.8313,1.1394
machine,54.798787640391474,127.74501520596826,Topic3,-5.8053,1.0497
prediction,49.92703210031519,118.62469917570255,Topic3,-5.8984,1.0307
state,53.8407895135386,263.9569611315766,Topic3,-5.8229,0.3063
result,55.3832826373033,362.7529230659266,Topic3,-5.7947,0.0166
algebra,59.87053526245543,62.711665285530664,Topic4,-5.7006,1.8659
mathbb,96.89998105313573,101.50728793881152,Topic4,-5.2191,1.8658
riemannian,23.769474510134405,24.985684656633413,Topic4,-6.6244,1.8623
cohomology,20.70311806691257,21.918908754140503,Topic4,-6.7625,1.8552
homology,17.990489894051297,19.299732308646664,Topic4,-6.903,1.842
semigroup,18.723089172608447,20.109032782653376,Topic4,-6.863,1.8408
automorphism,15.648419475382308,16.865177653788194,Topic4,-7.0424,1.8374
projective,26.35354724373095,28.406396693417378,Topic4,-6.5212,1.8372
holomorphic,14.411168936130627,15.626951841124967,Topic4,-7.1248,1.8312
irreducible,22.366298880047147,24.270078951179308,Topic4,-6.6852,1.8305
isomorphism,13.814204600016438,15.029998732169162,Topic4,-7.1671,1.8279
hypersurface,13.709056145901958,14.924859719869795,Topic4,-7.1747,1.8273
let,58.38018583051334,63.566645525208536,Topic4,-5.7258,1.8271
symplectic,18.530841381332156,20.24439015193229,Topic4,-6.8734,1.8238
simplicial,12.906721314249223,14.12274879461159,Topic4,-7.2351,1.8222
commutative,13.797701897528622,15.169157537575511,Topic4,-7.1683,1.8175
geodesic,20.283952316694425,22.341342868068452,Topic4,-6.783,1.8156
elliptic,27.37404840174278,30.17201931827126,Topic4,-6.4832,1.8149
homomorphism,11.82601607514025,13.041799839785657,Topic4,-7.3225,1.8144
homotopy,19.780869853715238,21.81875737957228,Topic4,-6.8081,1.8142
submanifold,11.341576079666407,12.557359150104478,Topic4,-7.3643,1.8104
varphi,12.136919443866198,13.448848900339646,Topic4,-7.2965,1.8096
polytope,11.040653556353005,12.25650991435486,Topic4,-7.3912,1.8078
equivariant,10.78630041444489,12.002367741031955,Topic4,-7.4145,1.8054
isomorphic,12.569308835695105,13.9870967198398,Topic4,-7.2615,1.8054
functor,12.125953328509143,13.558343153362271,Topic4,-7.2975,1.8006
mathcal,84.47017950899128,94.47187013343995,Topic4,-5.3564,1.8003
divisor,9.866060891993342,11.081913708843516,Topic4,-7.5037,1.796
genus,9.826861022490444,11.042644528761532,Topic4,-7.5077,1.7956
prime,34.677340922062534,39.013970578987575,Topic4,-6.2467,1.7944
conjecture,60.57932309262233,68.56331247934253,Topic4,-5.6888,1.7884
subgroup,28.165732797851586,32.02559983327961,Topic4,-6.4547,1.7838
manifold,70.24082185590322,81.92846913888017,Topic4,-5.5409,1.7583
rational,30.24172768386588,35.12081533217988,Topic4,-6.3836,1.7627
infty,21.24059628182719,24.44708303819107,Topic4,-6.7369,1.7716
cdot,28.3094109749425,33.49599848991257,Topic4,-6.4496,1.744
theorem,58.43864490357765,73.9748794712632,Topic4,-5.7248,1.6765
algebraic,29.354323377435367,35.09784339568266,Topic4,-6.4134,1.7335
polynomial,77.83065450725766,102.63832780319277,Topic4,-5.4383,1.6356
omega,49.84775244743027,62.96838360467286,Topic4,-5.8838,1.6786
prove,131.5637689672117,192.60565438399058,Topic4,-4.9133,1.5311
group,131.94516151020449,193.61137926380547,Topic4,-4.9104,1.5288
operator,82.60629607184565,115.37007432890383,Topic4,-5.3787,1.5782
proof,61.23295153117662,86.94122731679542,Topic4,-5.6781,1.5617
integral,44.658330285340725,61.345396567194136,Topic4,-5.9938,1.5948
curvature,38.91214047793599,52.02820451834719,Topic4,-6.1315,1.6218
invariant,53.945127976276666,78.29872221260015,Topic4,-5.8048,1.5397
formula,52.47786148670649,78.42131320103898,Topic4,-5.8324,1.5105
space,119.22679968799302,234.25419978961511,Topic4,-5.0118,1.2369
category,42.51856626624199,61.76345758041876,Topic4,-6.0429,1.5389
equation,100.47999643933936,202.71138120689457,Topic4,-5.1828,1.2104
compact,41.332151237573186,62.06099260255502,Topic4,-6.0712,1.5058
graph,92.62501901947518,211.5604310670291,Topic4,-5.2642,1.0863
bound,67.2665488103787,135.6055666833356,Topic4,-5.5841,1.2111
function,109.30929786664925,301.1930254440905,Topic4,-5.0986,0.8987
define,62.43054204773567,122.73173601916193,Topic4,-5.6587,1.2363
family,47.78372185223647,78.8159704505976,Topic4,-5.9261,1.4118
lie,39.5838038323086,58.197334173097786,Topic4,-6.1144,1.5268
solution,81.02681919586243,212.9385519158325,Topic4,-5.398,0.946
theory,74.51069388943732,188.21211678346955,Topic4,-5.4819,0.9856
class,71.71956890747393,177.09476274557088,Topic4,-5.52,1.0083
set,84.81517808684183,254.09376319373374,Topic4,-5.3523,0.815
type,66.54071738316782,175.74382631571132,Topic4,-5.595,0.941
case,69.70258780444559,201.72396374025553,Topic4,-5.5486,0.8496
result,88.8668862926988,362.7529230659266,Topic4,-5.3057,0.5057
condition,64.71553674332908,170.62093762757465,Topic4,-5.6228,0.9428
number,70.22245384806051,233.5734692604626,Topic4,-5.5411,0.7104
paper,72.40940157672365,287.17025525152786,Topic4,-5.5105,0.5345
point,62.764447650164094,195.08843542840242,Topic4,-5.6534,0.7782
problem,69.19332594225337,368.67094071652826,Topic4,-5.5559,0.2392
obtain,61.53865297320879,185.8077826184358,Topic4,-5.6731,0.8072
study,62.5271389203617,280.7599125057619,Topic4,-5.6572,0.4103
property,59.92272679590198,200.60823053134376,Topic4,-5.6997,0.7039
superconductor,26.672698212839922,28.218209107174758,Topic5,-6.4489,1.9161
fermion,24.074360862143838,25.6131664396377,Topic5,-6.5514,1.9105
conductivity,20.27237003667061,21.71901489077911,Topic5,-6.7233,1.9035
ferromagnetic,16.435266212720695,17.793047570825532,Topic5,-6.9332,1.8931
fermi,28.809075462124607,31.416452224687802,Topic5,-6.3719,1.8858
fluid,41.052260578748516,44.83511918382671,Topic5,-6.0177,1.8843
insulator,19.474614691562067,21.396699609050078,Topic5,-6.7635,1.8783
dope,23.715592208802697,26.078713719920444,Topic5,-6.5665,1.8775
semimetal,11.349841654182597,12.559097690290953,Topic5,-7.3034,1.8712
droplet,12.273500123520499,13.599985898372825,Topic5,-7.2251,1.8698
quasiparticle,11.886997076985962,13.181182717037176,Topic5,-7.2571,1.8691
impurity,15.392420670714055,17.171367852260293,Topic5,-6.9987,1.8631
superfluid,12.042473209421582,13.45811928695392,Topic5,-7.2441,1.8613
skyrmion,9.810577633328066,11.019833540789339,Topic5,-7.4491,1.8562
navier,11.656054257718559,13.139587046053672,Topic5,-7.2768,1.8526
magnetization,19.125136957199373,21.561424010204487,Topic5,-6.7816,1.8525
fracture,11.557595075838352,13.040687411049436,Topic5,-7.2852,1.8517
vortex,29.648035714492337,33.5020114017508,Topic5,-6.3432,1.8502
monolayer,9.825720560125212,11.153671483744365,Topic5,-7.4476,1.8457
renormalization,14.248319368987266,16.263236903943508,Topic5,-7.0759,1.8402
tunneling,12.000914465112068,13.778207369958896,Topic5,-7.2476,1.8343
fermionic,8.07993706915647,9.289199353448815,Topic5,-7.6432,1.833
cuprate,8.056313168879507,9.265564609248278,Topic5,-7.6461,1.8326
ferroelectric,8.04690296857882,9.256157642670317,Topic5,-7.6473,1.8324
chiral,12.03974907328152,13.870858027231007,Topic5,-7.2444,1.8309
spin,114.18787288881491,131.63823475371572,Topic5,-4.9947,1.8302
condensate,11.243998481864246,12.969006111250552,Topic5,-7.3127,1.8297
conduction,10.03090465644029,11.6449147888183,Topic5,-7.4269,1.8233
dislocation,7.409551825092834,8.619098998199664,Topic5,-7.7298,1.8212
viscous,8.190377388290573,9.529659457123776,Topic5,-7.6296,1.821
boson,10.342321204665257,12.065460237308885,Topic5,-7.3963,1.8183
film,33.9198117887539,40.352646231465485,Topic5,-6.2086,1.7988
disorder,32.088984482710316,38.33020361124692,Topic5,-6.2641,1.7947
bond,17.84266470698193,21.276163423612616,Topic5,-6.851,1.7965
metallic,16.11612969818153,19.16544501756564,Topic5,-6.9528,1.7992
thermodynamic,19.667627854654096,23.674170188533576,Topic5,-6.7536,1.787
magnetic,92.35457327078518,123.16242716505438,Topic5,-5.2069,1.6846
liquid,29.082044320317976,36.28610712785226,Topic5,-6.3625,1.7511
temperature,90.0023255676288,123.92522593507724,Topic5,-5.2327,1.6526
superconducte,30.198788821114682,38.29606157098161,Topic5,-6.3248,1.7349
electronic,41.40603557825645,54.89454639429445,Topic5,-6.0092,1.6905
coupling,37.18656576994573,48.927109120746145,Topic5,-6.1166,1.6981
phase,106.8518270283788,167.44829017487118,Topic5,-5.0611,1.5232
transition,72.09531952806897,107.91250854988057,Topic5,-5.4546,1.5691
graphene,19.63904384367827,24.07229798272013,Topic5,-6.7551,1.7689
crystal,29.332207840976828,38.46018917134327,Topic5,-6.3539,1.7015
wave,68.91430442640795,107.95590064081642,Topic5,-5.4997,1.5236
bulk,23.640230911428382,30.13645609535519,Topic5,-6.5696,1.7297
material,54.58804853943342,84.21369518442265,Topic5,-5.7328,1.5389
charge,39.89158826231367,57.82160849995937,Topic5,-6.0464,1.6013
pressure,38.662473845353055,55.9299639765455,Topic5,-6.0777,1.6032
particle,62.897874581388535,103.7106693651651,Topic5,-5.5911,1.4724
quantum,68.10809186436487,119.29837652930809,Topic5,-5.5115,1.4119
symmetry,38.692158939057116,58.61024927697237,Topic5,-6.0769,1.5572
energy,87.1548656430462,178.00912877175452,Topic5,-5.2649,1.2583
transport,36.06586892856722,53.385902175196144,Topic5,-6.1472,1.5803
couple,43.518502139187476,70.57908711137,Topic5,-5.9594,1.4889
interaction,67.53172928405299,136.23564503047868,Topic5,-5.52,1.2707
calculation,40.51840615741053,63.82516727775038,Topic5,-6.0308,1.5181
field,90.64702613918621,234.21602814396556,Topic5,-5.2256,1.0232
state,93.11082535162113,263.9569611315766,Topic5,-5.1988,0.9305
equation,74.41314922825174,202.71138120689457,Topic5,-5.423,0.9703
lattice,41.96431667506977,71.01543211935228,Topic5,-5.9958,1.4464
electron,39.83518747276697,64.94033094862668,Topic5,-6.0478,1.4837
effect,59.51020318963135,153.8367858794637,Topic5,-5.6464,1.0227
density,53.056034272438296,135.8275836954253,Topic5,-5.7612,1.0324
band,40.057572880513455,70.6173880011738,Topic5,-6.0423,1.4055
dynamic,54.96952341011373,166.18463170212854,Topic5,-5.7258,0.8661
topological,39.756352502827625,69.42196564017507,Topic5,-6.0498,1.415
flow,46.911227495595654,113.46022744933553,Topic5,-5.8843,1.0893
theory,55.145578270584785,188.21211678346955,Topic5,-5.7226,0.7449
surface,48.294019127327516,125.15463064351144,Topic5,-5.8553,1.0202
model,73.81769378146564,582.0901093021098,Topic5,-5.431,-0.0926
order,56.027024691891114,231.58325091163948,Topic5,-5.7067,0.5533
structure,54.24947750021081,224.40070129995036,Topic5,-5.739,0.5526
study,53.71495865715064,280.7599125057619,Topic5,-5.7489,0.3186
dimensional,45.62010250241728,162.4662554005215,Topic5,-5.9122,0.7023
property,44.74759215229557,200.60823053134376,Topic5,-5.9315,0.4721
time,45.70967698743695,335.00122423665124,Topic5,-5.9103,-0.0194
use,45.46224032758985,472.10802832096033,Topic5,-5.9157,-0.3679
result,43.021354655502975,362.7529230659266,Topic5,-5.9709,-0.1596
galaxy,86.28070182449562,87.66394145288943,Topic6,-4.4978,2.7338
stellar,43.37324680844229,44.57817862991063,Topic6,-5.1855,2.7223
planet,53.73068035812186,55.48853284286958,Topic6,-4.9714,2.7175
redshift,33.9653843423547,35.1657527497305,Topic6,-5.43,2.7149
dust,25.35765821953337,26.55830341114236,Topic6,-5.7223,2.7034
star,82.6534705593071,86.7656485870227,Topic6,-4.5407,2.7011
dwarf,19.39081083209394,20.591100482513504,Topic6,-5.9906,2.6896
accretion,18.326045112726195,19.526338300571652,Topic6,-6.047,2.6862
halo,17.10248479906174,18.30278488911246,Topic6,-6.1161,2.6818
agn,16.748039166454202,17.94832881742158,Topic6,-6.1371,2.6805
asteroid,14.208671867823194,15.509166673487961,Topic6,-6.3015,2.6621
galactic,18.102112436596993,19.760896486567574,Topic6,-6.0593,2.662
exoplanet,14.70537878613612,16.162611552881522,Topic6,-6.2672,2.6552
planetary,16.880794839541363,18.668755856364932,Topic6,-6.1292,2.649
quasar,10.02825161693895,11.228586325023342,Topic6,-6.65,2.6366
odot,9.983869399069926,11.184182038656084,Topic6,-6.6544,2.6361
hubble,10.333394291311036,11.605420784473475,Topic6,-6.62,2.6336
tidal,9.179973729290667,10.3803499319534,Topic6,-6.7383,2.6268
lense,19.933866074488975,22.70782097236159,Topic6,-5.9629,2.6194
photometric,14.51302939542918,16.630597869721246,Topic6,-6.2803,2.6135
milky,7.900269666405209,9.100806865226017,Topic6,-6.8885,2.6082
metallicity,11.002897510036098,12.808951561394768,Topic6,-6.5572,2.5977
transit,18.013410346873705,20.98399017050368,Topic6,-6.0642,2.597
planetesimal,7.05198508571595,8.252275187365083,Topic6,-7.0021,2.5925
catalogue,7.019572709969546,8.2202054013752,Topic6,-7.0067,2.5918
sky,13.768008299405714,16.16456005711069,Topic6,-6.333,2.5892
merger,8.963826434746688,10.594736862629354,Topic6,-6.7622,2.5825
wasp,6.373101751752791,7.573931974900414,Topic6,-7.1033,2.577
alma,6.317039255942562,7.517346987511372,Topic6,-7.1121,2.5757
clump,6.281531625047662,7.48197165527723,Topic6,-7.1178,2.5748
atmosphere,18.28824480774082,21.802823657163884,Topic6,-6.0491,2.5739
cosmological,21.277360085905205,26.138343603410068,Topic6,-5.8977,2.5439
luminosity,14.931944663355543,18.20059860265409,Topic6,-6.2519,2.5517
abundance,18.713622391138923,23.03112735845325,Topic6,-6.0261,2.5421
disk,31.410939920642228,43.71864775228216,Topic6,-5.5082,2.419
mass,52.015912596010956,79.12551614542453,Topic6,-5.0038,2.3302
emission,36.63311248048246,55.18842027378724,Topic6,-5.3544,2.3399
gravitational,24.770751111614555,36.79840291842742,Topic6,-5.7457,2.3539
dark,26.932891327509395,43.591801575304856,Topic6,-5.662,2.2681
solar,25.02285571321539,39.62478402408499,Topic6,-5.7356,2.29
cosmic,19.534954105003607,28.261958274654685,Topic6,-5.9832,2.3804
earth,18.85309688391121,27.312484149700925,Topic6,-6.0187,2.379
gas,32.540690930231385,64.91875375814762,Topic6,-5.4729,2.059
survey,29.391624221609487,58.54097830655597,Topic6,-5.5747,2.0606
formation,30.016548221206946,62.19186521928231,Topic6,-5.5536,2.0212
observation,38.94995634945985,107.94115873977385,Topic6,-5.2931,1.7304
ray,27.82824891511919,59.09105010357228,Topic6,-5.6293,1.9966
cluster,35.527025880254975,121.25490887573709,Topic6,-5.3851,1.5221
line,29.900439961866972,94.10338538953387,Topic6,-5.5575,1.6031
velocity,26.339606933232798,66.89885694829282,Topic6,-5.6843,1.8176
radio,20.445665336079486,36.395920902821,Topic6,-5.9376,2.173
orbit,21.610250582950794,53.902074954858406,Topic6,-5.8822,1.8357
model,31.69955932336728,582.0901093021098,Topic6,-5.4991,-0.1607
matter,21.525839022955047,56.88389993114133,Topic6,-5.8861,1.7779
source,23.50299138323869,117.9480576389384,Topic6,-5.7982,1.1366
density,23.64532628729131,135.8275836954253,Topic6,-5.7922,1.0014
high,25.173398866567528,239.69151613574454,Topic6,-5.7296,0.4961
observe,22.73098264177368,116.28879130108288,Topic6,-5.8316,1.1173
region,21.555278137739823,89.79943877077933,Topic6,-5.8847,1.3227
large,21.460310136932307,222.0502002459557,Topic6,-5.8892,0.413
use,21.73585466497709,472.10802832096033,Topic6,-5.8764,-0.3286
axion,10.069970078889968,11.38858539027894,Topic7,-6.6244,2.648
flare,8.262069761532432,9.471731921116861,Topic7,-6.8223,2.6345
magnon,7.51117319020764,8.719020112159725,Topic7,-6.9175,2.622
laser,34.787686354439344,40.74370500422886,Topic7,-5.3847,2.6131
interferometer,6.685955395503125,7.915089759602847,Topic7,-7.0339,2.6023
beam,43.70640663474372,51.95996476725346,Topic7,-5.1564,2.5981
shower,6.227894616519178,7.435037839385621,Topic7,-7.1049,2.5939
resonator,8.775208919578,10.571544135306368,Topic7,-6.762,2.5849
scintillator,5.151309698166201,6.358146454619731,Topic7,-7.2947,2.5606
calorimeter,5.094423824450191,6.30130905626564,Topic7,-7.3058,2.5585
metasurface,6.260985717462171,7.7590015585978,Topic7,-7.0996,2.5566
diode,4.924742954263446,6.131714745341611,Topic7,-7.3397,2.5519
pulse,26.023169821752365,32.698979530036155,Topic7,-5.6749,2.5427
avalanche,4.703381772600032,5.9104531444032355,Topic7,-7.3856,2.5427
recoil,4.6982640460757255,5.9066892047480435,Topic7,-7.3867,2.5422
readout,5.635783827477232,7.186806823937302,Topic7,-7.2048,2.528
amplifier,4.3484290209465755,5.555271644362708,Topic7,-7.4641,2.5262
vacuum,7.703457246415661,9.857690199657156,Topic7,-6.8923,2.5245
femtosecond,4.244426037610613,5.4512671652965645,Topic7,-7.4883,2.5209
nerve,4.194046128990013,5.400986436500863,Topic7,-7.5003,2.5182
inhibitory,4.141992569099362,5.348891405356944,Topic7,-7.5128,2.5154
hysteresis,4.108343260289115,5.3167350272455,Topic7,-7.5209,2.5133
radar,6.939164898268697,9.020766219512561,Topic7,-6.9967,2.5088
casimir,4.014108033665489,5.221758558593249,Topic7,-7.5441,2.5081
photon,23.768331125718245,30.979671983811425,Topic7,-5.7656,2.5061
cherenkov,3.9568936694659738,5.164030331204147,Topic7,-7.5585,2.5048
silicon,12.308010562246753,16.097400680542577,Topic7,-6.4237,2.5027
waveguide,10.513058415818993,13.75185325255102,Topic7,-6.5813,2.5025
tev,4.975398953288577,6.590406885367349,Topic7,-7.3294,2.49
gev,5.015693481203643,6.673277396607999,Topic7,-7.3214,2.4856
cavity,22.11306417395481,29.893337391650466,Topic7,-5.8378,2.4696
detector,34.60144628431183,49.679516575141584,Topic7,-5.39,2.4094
photonic,11.884927479320607,16.577867127657317,Topic7,-6.4587,2.4383
spectrometer,6.192060962465333,8.342842305460275,Topic7,-7.1107,2.473
proton,7.912818632835633,11.086085703259734,Topic7,-6.8654,2.4339
muon,9.15349831489864,13.618147860135066,Topic7,-6.7198,2.3738
optical,37.17441678715928,74.71290670420127,Topic7,-5.3183,2.0731
dimer,7.674995058300173,11.14931415129824,Topic7,-6.896,2.3977
bunch,6.580782413127463,9.285876339593244,Topic7,-7.0498,2.4268
ion,20.727222954040503,41.934259191143084,Topic7,-5.9025,2.0664
antenna,10.084253364331504,16.477060840634287,Topic7,-6.623,2.2801
optic,9.09517011742962,14.336763718002432,Topic7,-6.7262,2.316
frequency,34.89682697632597,91.7786523420661,Topic7,-5.3815,1.8041
fiber,12.262123352963963,21.80999220374783,Topic7,-6.4274,2.1953
radiation,15.825770085812946,31.7042030984236,Topic7,-6.1723,2.0763
qubit,9.83935375643342,16.1225483991206,Topic7,-6.6475,2.2773
light,27.448513359072837,74.14696580117419,Topic7,-5.6216,1.7774
circuit,15.459070566703721,33.69879148049001,Topic7,-6.1957,1.9918
plasma,12.478932228564583,24.121257090758384,Topic7,-6.4099,2.1121
electron,22.108671067362057,64.94033094862668,Topic7,-5.838,1.6936
atomic,15.894156503950398,37.082882646491285,Topic7,-6.168,1.9239
atom,18.525059638430964,49.19947668705339,Topic7,-6.0148,1.7943
device,22.764236698056568,72.36059246102238,Topic7,-5.8087,1.6146
intensity,14.715649311795959,34.24331647936446,Topic7,-6.245,1.9265
measurement,26.59838572104215,110.50337591235322,Topic7,-5.6531,1.3469
energy,33.14009008084121,178.00912877175452,Topic7,-5.4332,1.09
resolution,20.242149956428054,67.58395466425078,Topic7,-5.9262,1.5655
array,15.509429941951721,39.79190425338286,Topic7,-6.1925,1.8289
resonance,14.76401582265575,36.64955631227239,Topic7,-6.2417,1.8619
signal,24.471028690871155,114.31874576862845,Topic7,-5.7364,1.2296
ray,18.22706297600376,59.09105010357228,Topic7,-6.031,1.5949
wave,23.59967554464129,107.95590064081642,Topic7,-5.7727,1.2506
high,31.977223077997138,239.69151613574454,Topic7,-5.4689,0.7568
field,30.789792679171892,234.21602814396556,Topic7,-5.5067,0.742
particle,21.044544776491122,103.7106693651651,Topic7,-5.8873,1.1761
use,29.82175804966386,472.10802832096033,Topic7,-5.5387,0.0091
cell,18.01351631166772,74.85214649848274,Topic7,-6.0428,1.3467
experiment,21.216798706380974,148.9227514914093,Topic7,-5.8791,0.8225
phase,21.63521521742909,167.44829017487118,Topic7,-5.8596,0.7248
time,22.919773677392147,335.00122423665124,Topic7,-5.8019,0.089
effect,19.241366809419375,153.8367858794637,Topic7,-5.9769,0.6923
magnetic,18.5212641474799,123.16242716505438,Topic7,-6.015,0.8765
power,18.052427798585466,127.24636517064086,Topic7,-6.0406,0.8183
measure,18.28211168228633,156.28118004965856,Topic7,-6.028,0.6254
low,18.076322460823,180.22066324872984,Topic7,-6.0393,0.4715
clause,10.774591750710805,12.057394598153223,Topic8,-5.3771,3.8382
nls,10.264060835795165,11.547798479576945,Topic8,-5.4257,3.8329
termination,9.041431143587902,10.174679619023077,Topic8,-5.5525,3.8326
cyclotomic,7.931249963502013,9.064385944619913,Topic8,-5.6835,3.8172
quaternionic,7.1744157852033785,8.30766488331072,Topic8,-5.7838,3.804
satisfiability,10.41069954058899,12.117857369098548,Topic8,-5.4115,3.7989
automata,20.26133820305696,23.90698106352853,Topic8,-4.7456,3.7852
incommensurate,6.035988857655764,7.16960677233311,Topic8,-5.9566,3.7786
fibonacci,5.908041590147812,7.04104493607419,Topic8,-5.978,3.7753
scheduler,5.852857136144796,7.013155142491362,Topic8,-5.9874,3.7698
recoverable,5.608247122489283,6.741287355107812,Topic8,-6.0301,3.7667
decidability,5.863944445114348,7.095894924906863,Topic8,-5.9855,3.76
tier,5.391694030379727,6.525155489419708,Topic8,-6.0695,3.7599
ldpc,5.105229421137566,6.238166995658654,Topic8,-6.1241,3.7503
decidable,9.843762941265343,12.029089272618652,Topic8,-5.4675,3.7502
mapreduce,5.0095006458472,6.142772203858501,Topic8,-6.143,3.7468
assurance,4.929761730535882,6.063506517154441,Topic8,-6.159,3.7437
sequent,4.900053039831312,6.033009956851605,Topic8,-6.1651,3.7427
tori,8.994762074471334,11.179173043467138,Topic8,-5.5577,3.7333
leqslant,5.045435165919403,6.2733556914867705,Topic8,-6.1358,3.7329
cuda,4.632410014497882,5.765426433485923,Topic8,-6.2213,3.7319
propositional,8.893747878592,11.074920528630656,Topic8,-5.569,3.7314
restart,6.692331385264092,8.338755030074523,Topic8,-5.8534,3.7308
quantifier,9.979979987256163,12.574790429415406,Topic8,-5.4537,3.7196
srtio,4.3506835364482574,5.484399619854852,Topic8,-6.284,3.7191
landing,5.6422939379814485,7.116852208397449,Topic8,-6.024,3.7185
mpi,5.720991818866175,7.226934536709449,Topic8,-6.0102,3.717
heap,5.964514067432118,7.570156129220231,Topic8,-5.9685,3.7123
betweenness,5.112377185213298,6.495886645009235,Topic8,-6.1227,3.7112
schwinger,4.146903874252311,5.280181649033313,Topic8,-6.332,3.7091
elimination,11.08931334730195,14.229971464116248,Topic8,-5.3483,3.7013
horn,5.4414884278768625,7.044485902762482,Topic8,-6.0603,3.6925
logic,34.571502663674295,61.095697072005095,Topic8,-4.2113,3.3813
rewrite,8.962389072817325,12.825040792425844,Topic8,-5.5613,3.5923
code,51.89597670219562,129.60711322410927,Topic8,-3.8051,3.0354
sit,8.469460167870762,13.245683089500865,Topic8,-5.6179,3.5035
decode,15.00584872599581,30.390877935749096,Topic8,-5.0459,3.245
erasure,6.133687053819608,8.322134349539054,Topic8,-5.9405,3.6456
program,24.634784828598068,84.53529722312412,Topic8,-4.5502,2.7177
boolean,10.609593560883717,21.984915312602162,Topic8,-5.3926,3.2221
fragment,9.036556105487783,17.51987407345253,Topic8,-5.5531,3.2886
language,17.319844373346832,102.17341148984437,Topic8,-4.9025,2.1759
controllability,7.065881028774492,12.198040006648485,Topic8,-5.7991,3.4047
check,9.744913964107754,28.326177483570643,Topic8,-5.4776,2.8837
string,9.888637021240402,30.43464510007669,Topic8,-5.4629,2.8265
verification,9.738093144381713,30.2342374207238,Topic8,-5.4783,2.8178
circuit,9.90621364410961,33.69879148049001,Topic8,-5.4612,2.7264
predicate,6.97099254899948,11.8506037853588,Topic8,-5.8126,3.4201
calculus,8.227489361141691,23.62189126441707,Topic8,-5.6468,2.896
arithmetic,8.031280555540485,27.42868999788947,Topic8,-5.671,2.7225
synchronization,7.663337325322804,23.866321616590405,Topic8,-5.7179,2.8147
operation,8.42807315866629,61.43029794280745,Topic8,-5.6228,1.9644
formula,8.096031420477683,78.42131320103898,Topic8,-5.663,1.68
symbol,7.388926904155493,23.150501060385572,Topic8,-5.7543,2.8087
epidemic,40.159077796027226,41.23025448022735,Topic9,-3.8886,4.0973
infect,15.48454571325093,16.555692504736445,Topic9,-4.8416,4.0567
algebroid,14.271245523513564,15.34235716158645,Topic9,-4.9232,4.0512
outbreak,13.2352963796684,14.306436974299128,Topic9,-4.9985,4.0458
immersion,13.244392011439963,14.352674460528206,Topic9,-4.9978,4.0433
infectious,11.703698657057526,12.774890805047292,Topic9,-5.1215,4.036
infection,20.922240119041625,23.601785929232737,Topic9,-4.5406,4.0031
tax,8.314146123847138,9.385399398235572,Topic9,-5.4635,4.0024
conjugacy,8.222915163854612,9.294146288144386,Topic9,-5.4745,4.0012
sis,7.471309483916805,8.542519815901436,Topic9,-5.5703,3.9896
vaccination,7.310742569588094,8.381949182170004,Topic9,-5.5921,3.9869
coating,7.169282009925159,8.241029339392474,Topic9,-5.6116,3.9843
hip,6.937468362131717,8.016327578753227,Topic9,-5.6445,3.9791
prolog,6.788103855973546,7.85973428810629,Topic9,-5.6662,3.977
polariton,6.7843684186311455,7.8557965090642,Topic9,-5.6668,3.977
viral,9.784707806598714,11.367062119219772,Topic9,-5.3006,3.9737
russian,6.451536937970811,7.522879128264117,Topic9,-5.7171,3.97
wafer,6.263232086836626,7.334567667059824,Topic9,-5.7467,3.9657
reflexive,8.054571777309357,9.435478218838306,Topic9,-5.4952,3.9654
producer,6.1918150851229825,7.263303443161012,Topic9,-5.7582,3.964
endemic,6.01044023063793,7.0816033375436085,Topic9,-5.7879,3.9596
phononic,6.504031184136779,7.664967372498927,Topic9,-5.709,3.9594
epidemiology,5.845712177399552,6.917009337113096,Topic9,-5.8157,3.9553
sir,5.711205592887463,6.782435976831882,Topic9,-5.839,3.9517
boss,5.285686862608737,6.357836611057191,Topic9,-5.9164,3.9389
arrow,6.515455140600614,7.938946908550646,Topic9,-5.7072,3.926
yttrium,4.656985307189138,5.72815776231701,Topic9,-6.043,3.9166
garnet,4.486434792714382,5.557686406409992,Topic9,-6.0804,3.9095
virus,9.32650770737818,11.571369088331608,Topic9,-5.3486,3.9079
synapse,4.31183761486223,5.383771015490733,Topic9,-6.1201,3.9016
tower,7.059689385989794,8.889499560980932,Topic9,-5.627,3.8931
sbm,6.934177532486005,8.749026709460555,Topic9,-5.645,3.8911
kidney,6.131928429265004,7.710728831743272,Topic9,-5.7679,3.8945
susceptible,10.364038875186893,14.958640796343435,Topic9,-5.2431,3.7567
disease,24.023144948402585,45.638582446671826,Topic9,-4.4024,3.4819
contagion,9.064859354046474,13.706242080556901,Topic9,-5.377,3.7102
colour,10.55229943101015,17.597482728566558,Topic9,-5.2251,3.6122
spread,13.811066787175273,36.79044924790368,Topic9,-4.9559,3.1439
hotspot,6.353700002582397,8.912987413470328,Topic9,-5.7324,3.7851
involution,17.93257987179281,18.992538962454645,Topic10,-4.6639,4.097
artin,13.376868082924133,14.436851756246329,Topic10,-4.957,4.0782
floer,12.363095308444343,13.423108803606352,Topic10,-5.0358,4.0722
voter,11.197855158622408,12.257948971217322,Topic10,-5.1348,4.064
orientable,11.070075937711575,12.130157553436238,Topic10,-5.1463,4.063
schmidt,10.750964409456511,11.811148794069764,Topic10,-5.1756,4.0604
noetherian,10.330629336452681,11.390582181076386,Topic10,-5.2155,4.0568
cohomological,9.950480016491342,11.010538811803059,Topic10,-5.2529,4.0532
monoid,16.456905717149027,18.280695213221883,Topic10,-4.7498,4.0494
mathfrak,9.160836867695538,10.220866830298064,Topic10,-5.3356,4.045
vert,11.662132367001234,13.13186232077011,Topic10,-5.0942,4.0358
polish,7.886436576010572,8.946464565830869,Topic10,-5.4854,4.0284
psi,7.354914787025133,8.415033819245695,Topic10,-5.5552,4.0198
noncommutative,17.713750328662417,20.32107698758907,Topic10,-4.6762,4.0172
weil,7.08194023640347,8.142059043231539,Topic10,-5.593,4.015
browser,7.028894558197732,8.089118672789553,Topic10,-5.6005,4.014
quaternion,12.535925137852319,14.492991213206368,Topic10,-5.022,4.0094
macaulay,9.718578989921282,11.249357586122082,Topic10,-5.2765,4.0082
transcript,6.249230639344651,7.309433202252325,Topic10,-5.7181,3.9978
ionisation,5.958504731093892,7.019094748251852,Topic10,-5.7657,3.9907
polyphonic,5.6312158168645245,6.69159054784903,Topic10,-5.8222,3.9819
democracy,4.933328011299321,5.9934609019598035,Topic10,-5.9546,3.9598
friendship,7.929223812154733,9.756971061839486,Topic10,-5.48,3.947
spinor,12.639382474877213,15.587678687946658,Topic10,-5.0137,3.9448
personality,6.216323413874823,7.79459855725978,Topic10,-5.7234,3.9282
uncountable,5.418659367766001,7.035852069802182,Topic10,-5.8607,3.8933
aut,8.336052515309595,10.885257561207641,Topic10,-5.43,3.8876
dwarfs,3.34131804810025,4.406285614255735,Topic10,-6.3442,3.8778
jitter,4.813008983118406,6.428061120455581,Topic10,-5.9792,3.8651
rationality,5.815158431388985,7.98930120523237,Topic10,-5.7901,3.8368
boldsymbol,9.636435347473496,13.87939297190071,Topic10,-5.285,3.7896
oplus,7.137064595151416,10.981292126482435,Topic10,-5.5853,3.7236
restricted,5.08496107713388,8.695203733300573,Topic10,-5.9243,3.618
